LABEL	NAME	GENE_MODEL
R-ZMA-1119260	Cardiolipin_biosynthesis	Zm00001eb012980;Zm00001eb098040;Zm00001eb150880;Zm00001eb151100;Zm00001eb152600;Zm00001eb194970;Zm00001eb370580;Zm00001eb397260
R-ZMA-1119261	Salicylate_biosynthesis	Zm00001eb050970;Zm00001eb077220;Zm00001eb077230;Zm00001eb077230;Zm00001eb185240;Zm00001eb185250;Zm00001eb185260;Zm00001eb205530;Zm00001eb247630;Zm00001eb247650;Zm00001eb247660;Zm00001eb310840
R-ZMA-1119262	Threonine_biosynthesis_from_homoserine	Zm00001eb022690;Zm00001eb156020;Zm00001eb284240;Zm00001eb294790
R-ZMA-1119263	Arginine_biosynthesis	Zm00001eb001310;Zm00001eb001320;Zm00001eb001330;Zm00001eb012670;Zm00001eb051410;Zm00001eb074610;Zm00001eb126200;Zm00001eb126210;Zm00001eb186530;Zm00001eb188330;Zm00001eb251190;Zm00001eb252020;Zm00001eb255250;Zm00001eb257230;Zm00001eb264960;Zm00001eb403320;Zm00001eb411740;Zm00001eb411740;Zm00001eb419090
R-ZMA-1119265	Tetrahydrofolate_biosynthesis_I	Zm00001eb027080;Zm00001eb039720;Zm00001eb039830;Zm00001eb044760;Zm00001eb082710;Zm00001eb112740;Zm00001eb169580;Zm00001eb179980;Zm00001eb221160;Zm00001eb221160;Zm00001eb319990
R-ZMA-1119267	Phenylalanine_degradation_III	Zm00001eb013520;Zm00001eb168550;Zm00001eb258750;Zm00001eb258770;Zm00001eb331530
R-ZMA-1119271	Threonine_degradation	Zm00001eb077630;Zm00001eb077640;Zm00001eb107350;Zm00001eb426650
R-ZMA-1119273	Lysine_biosynthesis_I	Zm00001eb001140;Zm00001eb039850;Zm00001eb051410;Zm00001eb064530;Zm00001eb073410;Zm00001eb094670;Zm00001eb097580;Zm00001eb097580;Zm00001eb142510;Zm00001eb173410;Zm00001eb176170;Zm00001eb176170;Zm00001eb177530;Zm00001eb184000;Zm00001eb207270;Zm00001eb233140;Zm00001eb246370;Zm00001eb261430;Zm00001eb309070;Zm00001eb389290;Zm00001eb398800;Zm00001eb406820
R-ZMA-1119274	Monoterpene_biosynthesis	Zm00001eb158790;Zm00001eb334360
R-ZMA-1119276	Choline_biosynthesis_III	Zm00001eb001370;Zm00001eb021510;Zm00001eb025170;Zm00001eb097160;Zm00001eb099650;Zm00001eb103990;Zm00001eb122860;Zm00001eb172180;Zm00001eb230240;Zm00001eb233270;Zm00001eb278650;Zm00001eb283150;Zm00001eb331700;Zm00001eb336760;Zm00001eb386300;Zm00001eb415600
R-ZMA-1119278	PRPP_biosynthesis_I	Zm00001eb154480;Zm00001eb188960;Zm00001eb231020;Zm00001eb252660;Zm00001eb388190
R-ZMA-1119281	Aspartate_biosynthesis_I	Zm00001eb146400;Zm00001eb152450;Zm00001eb238900;Zm00001eb257910
R-ZMA-1119283	Lysine_biosynthesis_II	Zm00001eb001140;Zm00001eb039850;Zm00001eb051410;Zm00001eb064530;Zm00001eb073410;Zm00001eb094670;Zm00001eb097580;Zm00001eb097580;Zm00001eb142510;Zm00001eb173410;Zm00001eb176170;Zm00001eb176170;Zm00001eb177530;Zm00001eb184000;Zm00001eb207270;Zm00001eb233140;Zm00001eb246370;Zm00001eb261430;Zm00001eb309070;Zm00001eb389290;Zm00001eb398800;Zm00001eb406820
R-ZMA-1119284	Coumarin_biosynthesis_(via_2-coumarate)	Zm00001eb054230;Zm00001eb054240
R-ZMA-1119286	Cholesterol_biosynthesis_II_(via_24,25-dihydrolanosterol)	Zm00001eb061440;Zm00001eb164330;Zm00001eb212630;Zm00001eb362010
R-ZMA-1119287	Vitamin_E_biosynthesis	Zm00001eb232960;Zm00001eb237270;Zm00001eb251860
R-ZMA-1119289	Arginine_degradation	Zm00001eb050460;Zm00001eb141220;Zm00001eb294160;Zm00001eb418690
R-ZMA-1119291	Nitrate_assimilation	Zm00001eb009090;Zm00001eb037860;Zm00001eb054990;Zm00001eb176470;Zm00001eb193390;Zm00001eb256260;Zm00001eb399860
R-ZMA-1119292	Cytokinins_7-N-glucoside_biosynthesis	Zm00001eb096940;Zm00001eb122610;Zm00001eb304050
R-ZMA-1119293	Glutamine_biosynthesis_I	Zm00001eb009090;Zm00001eb054990;Zm00001eb399860
R-ZMA-1119294	Gibberellin_biosynthesis_III_(early_C-13_hydroxylation)	Zm00001eb298190;Zm00001eb337550
R-ZMA-1119295	Homoserine_biosynthesis	Zm00001eb051410;Zm00001eb064530;Zm00001eb094670;Zm00001eb097580;Zm00001eb097580;Zm00001eb142510;Zm00001eb177530;Zm00001eb309070;Zm00001eb405410
R-ZMA-1119297	Beta-alanine_biosynthesis_III	Zm00001eb150370;Zm00001eb253890;Zm00001eb321550
R-ZMA-1119298	Glutathione_redox_reactions_II	Zm00001eb004790;Zm00001eb258600
R-ZMA-1119300	Glycolipid_desaturation	Zm00001eb013340;Zm00001eb111980;Zm00001eb163200;Zm00001eb188990;Zm00001eb252720;Zm00001eb252730;Zm00001eb397050;Zm00001eb409700
R-ZMA-1119303	Pyridoxamine_anabolism	Zm00001eb135500;Zm00001eb135500
R-ZMA-1119304	Putrescine_biosynthesis_II	Zm00001eb185400;Zm00001eb242790;Zm00001eb378210;Zm00001eb424480
R-ZMA-1119308	Momilactone_biosynthesis	Zm00001eb415430
R-ZMA-1119312	Photorespiration	Zm00001eb034260;Zm00001eb034320;Zm00001eb034570;Zm00001eb064870;Zm00001eb070250;Zm00001eb070280;Zm00001eb092540;Zm00001eb105230;Zm00001eb105230;Zm00001eb105250;Zm00001eb105260;Zm00001eb109300;Zm00001eb118230;Zm00001eb118240;Zm00001eb131070;Zm00001eb197410;Zm00001eb207290;Zm00001eb229250;Zm00001eb233090;Zm00001eb300130;Zm00001eb340590;Zm00001eb406880;Zm00001eb409090
R-ZMA-1119314	Cellulose_biosynthesis	Zm00001eb025100;Zm00001eb043010;Zm00001eb046440;Zm00001eb061800;Zm00001eb095350;Zm00001eb099710;Zm00001eb153340;Zm00001eb283110;Zm00001eb303110;Zm00001eb313250;Zm00001eb345740;Zm00001eb370930;Zm00001eb370940;Zm00001eb379070;Zm00001eb382520;Zm00001eb383240;Zm00001eb410030
R-ZMA-1119316	Phenylpropanoid_biosynthesis	Zm00001eb041120;Zm00001eb043700;Zm00001eb179780;Zm00001eb220390;Zm00001eb234730;Zm00001eb246860;Zm00001eb291460
R-ZMA-1119317	Spermine_biosynthesis	Zm00001eb078440;Zm00001eb094730;Zm00001eb184470;Zm00001eb305710;Zm00001eb383120;Zm00001eb425830
R-ZMA-1119318	Proline_biosynthesis_V_(from_arginine)	Zm00001eb001310;Zm00001eb001320;Zm00001eb001330;Zm00001eb050460;Zm00001eb126200;Zm00001eb126210;Zm00001eb141220;Zm00001eb188330;Zm00001eb252020;Zm00001eb255250;Zm00001eb257230;Zm00001eb403320;Zm00001eb419090
R-ZMA-1119319	Alanine_biosynthesis_III	Zm00001eb195460;Zm00001eb195480;Zm00001eb310290
R-ZMA-1119321	Glycerol_degradation_I	Zm00001eb068580;Zm00001eb069070;Zm00001eb419210
R-ZMA-1119322	Leucodelphinidin_biosynthesis	Zm00001eb183650;Zm00001eb183660;Zm00001eb183680;Zm00001eb245960;Zm00001eb245960;Zm00001eb351260
R-ZMA-1119323	Lipid-A-precursor_biosynthesis	Zm00001eb153480
R-ZMA-1119325	Sphingolipid_metabolism	Zm00001eb011640;Zm00001eb023770;Zm00001eb023770;Zm00001eb023770;Zm00001eb023770;Zm00001eb023770;Zm00001eb023770;Zm00001eb023770;Zm00001eb023770;Zm00001eb023770;Zm00001eb023770;Zm00001eb023770;Zm00001eb023770;Zm00001eb032500;Zm00001eb059630;Zm00001eb075800;Zm00001eb085250;Zm00001eb109800;Zm00001eb113010;Zm00001eb169810;Zm00001eb170230;Zm00001eb170240;Zm00001eb186450;Zm00001eb188220;Zm00001eb201760;Zm00001eb251870;Zm00001eb253380;Zm00001eb326110;Zm00001eb326120;Zm00001eb334070;Zm00001eb363730;Zm00001eb393370;Zm00001eb398050
R-ZMA-1119328	Oleoresin_sesquiterpene_volatiles_biosynthesis	Zm00001eb071090
R-ZMA-1119331	Cysteine_biosynthesis_I	Zm00001eb002740;Zm00001eb032380;Zm00001eb127210;Zm00001eb293180;Zm00001eb333980
R-ZMA-1119332	Jasmonic_acid_biosynthesis	Zm00001eb005920;Zm00001eb020680;Zm00001eb035010;Zm00001eb040310;Zm00001eb054510;Zm00001eb081610;Zm00001eb081610;Zm00001eb177330;Zm00001eb190580;Zm00001eb197570;Zm00001eb197570;Zm00001eb206040;Zm00001eb216590;Zm00001eb236430;Zm00001eb393530;Zm00001eb423430
R-ZMA-1119334	Ethylene_biosynthesis_from_methionine	Zm00001eb055950;Zm00001eb073290;Zm00001eb121190;Zm00001eb130870;Zm00001eb314610;Zm00001eb340450;Zm00001eb354640;Zm00001eb417370;Zm00001eb428490
R-ZMA-1119337	Proline_degradation	Zm00001eb022980;Zm00001eb100180;Zm00001eb189920;Zm00001eb207050;Zm00001eb233300;Zm00001eb380260;Zm00001eb391720
R-ZMA-1119341	Galactosylcyclitol_biosynthesis	Zm00001eb136160;Zm00001eb173170;Zm00001eb244510;Zm00001eb314670;Zm00001eb375130
R-ZMA-1119342	Gamma-glutamyl_cycle	Zm00001eb021240;Zm00001eb115490;Zm00001eb264980;Zm00001eb354890
R-ZMA-1119343	Spermidine_biosynthesis	Zm00001eb078440;Zm00001eb094730;Zm00001eb184470;Zm00001eb305710;Zm00001eb383120;Zm00001eb425830
R-ZMA-1119344	Hydroxycinnamic_acid_serotonin_amides_biosynthesis	Zm00001eb006420;Zm00001eb006440;Zm00001eb048560;Zm00001eb166090;Zm00001eb173020;Zm00001eb292480;Zm00001eb416690;Zm00001eb416700
R-ZMA-1119348	Ent-kaurene_biosynthesis	Zm00001eb021200;Zm00001eb071070;Zm00001eb071090
R-ZMA-1119349	S-methylmethionine_cycle	Zm00001eb031360;Zm00001eb135800;Zm00001eb356170;Zm00001eb399940
R-ZMA-1119351	Mitochondrial_pyruvate_metabolism	Zm00001eb131070;Zm00001eb340590
R-ZMA-1119353	Linear_furanocoumarin_biosynthesis	Zm00001eb006830;Zm00001eb093630;Zm00001eb190740;Zm00001eb195790;Zm00001eb246660;Zm00001eb421970
R-ZMA-1119354	Asparagine_biosynthesis_III	Zm00001eb013430;Zm00001eb380080;Zm00001eb396990
R-ZMA-1119360	Fructan_biosynthesis	Zm00001eb075530;Zm00001eb209830;Zm00001eb229460;Zm00001eb427460
R-ZMA-1119365	Lysine_degradation_II	Zm00001eb085130;Zm00001eb085340;Zm00001eb093270;Zm00001eb100180;Zm00001eb192910;Zm00001eb271700;Zm00001eb421170;Zm00001eb421290
R-ZMA-1119367	Polyisoprenoid_biosynthesis	Zm00001eb004050;Zm00001eb177780;Zm00001eb288110;Zm00001eb297120;Zm00001eb323510;Zm00001eb349410;Zm00001eb375240;Zm00001eb375270
R-ZMA-1119370	Sterol_biosynthesis	Zm00001eb002850;Zm00001eb061440;Zm00001eb109520;Zm00001eb114290;Zm00001eb212630;Zm00001eb240810;Zm00001eb349320
R-ZMA-1119374	Abscisic_acid_biosynthesis	Zm00001eb060220;Zm00001eb060250;Zm00001eb060260;Zm00001eb117480;Zm00001eb140800;Zm00001eb212270;Zm00001eb213190;Zm00001eb218680;Zm00001eb300240
R-ZMA-1119375	Cytokinins_9-N-glucoside_biosynthesis	Zm00001eb096940;Zm00001eb122610;Zm00001eb304050
R-ZMA-1119378	Myo-inositol_biosynthesis	Zm00001eb008360;Zm00001eb378070;Zm00001eb401220;Zm00001eb408420
R-ZMA-1119379	Flavin_biosynthesis	Zm00001eb001180;Zm00001eb061200;Zm00001eb068110;Zm00001eb182780;Zm00001eb244650;Zm00001eb245110;Zm00001eb278020;Zm00001eb351390;Zm00001eb432360
R-ZMA-1119384	NAD_biosynthesis_I_(from_aspartate)	Zm00001eb094700;Zm00001eb130060;Zm00001eb231540;Zm00001eb320780
R-ZMA-1119386	UDP-N-acetylgalactosamine_biosynthesis	Zm00001eb119880;Zm00001eb189250
R-ZMA-1119388	IAA_biosynthesis_VI_(via_indole-3-acetamide)	Zm00001eb109510
R-ZMA-1119389	Phenylalanine_biosynthesis_I	Zm00001eb013110;Zm00001eb084260;Zm00001eb096110;Zm00001eb113920;Zm00001eb152250;Zm00001eb165890;Zm00001eb179760;Zm00001eb201770;Zm00001eb234080;Zm00001eb322550;Zm00001eb370320;Zm00001eb397170;Zm00001eb404610;Zm00001eb421790
R-ZMA-1119393	Asparagine_degradation_I	Zm00001eb049850;Zm00001eb068280;Zm00001eb074820;Zm00001eb433970
R-ZMA-1119394	Pantothenate_and_coenzyme_A_biosynthesis_III	Zm00001eb036480;Zm00001eb064670;Zm00001eb102380;Zm00001eb319630;Zm00001eb319630;Zm00001eb381870
R-ZMA-1119395	Maackiain_biosynthesis	Zm00001eb126780
R-ZMA-1119400	Methionine_biosynthesis_II	Zm00001eb031360;Zm00001eb032290;Zm00001eb113920;Zm00001eb135800;Zm00001eb201770;Zm00001eb375190;Zm00001eb399940
R-ZMA-1119402	Phospholipid_biosynthesis_I	Zm00001eb025080;Zm00001eb098040;Zm00001eb115270;Zm00001eb139850;Zm00001eb141610;Zm00001eb151440;Zm00001eb152600;Zm00001eb166180;Zm00001eb194970;Zm00001eb224960;Zm00001eb292040;Zm00001eb295120;Zm00001eb323170;Zm00001eb343120;Zm00001eb352530;Zm00001eb362570;Zm00001eb369390;Zm00001eb369390;Zm00001eb370580;Zm00001eb396350
R-ZMA-1119403	Removal_of_superoxide_radicals	Zm00001eb013080;Zm00001eb016940;Zm00001eb028890;Zm00001eb028900;Zm00001eb028910;Zm00001eb039000;Zm00001eb130940;Zm00001eb210040;Zm00001eb210050;Zm00001eb226600;Zm00001eb270380;Zm00001eb285090;Zm00001eb298210;Zm00001eb298220;Zm00001eb315550;Zm00001eb315560;Zm00001eb330020;Zm00001eb347200;Zm00001eb377310;Zm00001eb378880;Zm00001eb394700;Zm00001eb397180;Zm00001eb420210
R-ZMA-1119407	Ureide_biosynthesis	Zm00001eb021020;Zm00001eb028380;Zm00001eb057300;Zm00001eb059650;Zm00001eb091750;Zm00001eb146880;Zm00001eb200900;Zm00001eb213620;Zm00001eb392560
R-ZMA-1119410	Ascorbate_biosynthesis	Zm00001eb012020;Zm00001eb047980;Zm00001eb049310;Zm00001eb059230;Zm00001eb065790;Zm00001eb093120;Zm00001eb093130;Zm00001eb101090;Zm00001eb125530;Zm00001eb148030;Zm00001eb167360;Zm00001eb315420;Zm00001eb335030;Zm00001eb367780;Zm00001eb408730
R-ZMA-1119412	Chlorophyll_a_biosynthesis_I	Zm00001eb286140
R-ZMA-1119415	Leucopelargonidin_and_leucocyanidin_biosynthesis	Zm00001eb183650;Zm00001eb183660;Zm00001eb183680;Zm00001eb245960;Zm00001eb245960;Zm00001eb351260
R-ZMA-1119417	Stachyose_biosynthesis	Zm00001eb303190
R-ZMA-1119418	Suberin_biosynthesis	Zm00001eb050970;Zm00001eb077220;Zm00001eb077230;Zm00001eb077230;Zm00001eb178360;Zm00001eb185240;Zm00001eb185250;Zm00001eb185260;Zm00001eb187910;Zm00001eb205530;Zm00001eb247630;Zm00001eb247650;Zm00001eb247660;Zm00001eb285030;Zm00001eb346150
R-ZMA-1119419	Lysine_biosynthesis_VI	Zm00001eb001140;Zm00001eb008180;Zm00001eb013940;Zm00001eb064530;Zm00001eb073410;Zm00001eb094670;Zm00001eb097580;Zm00001eb097580;Zm00001eb142510;Zm00001eb176170;Zm00001eb176170;Zm00001eb177530;Zm00001eb309070;Zm00001eb389290;Zm00001eb396620;Zm00001eb396630;Zm00001eb398800;Zm00001eb406820
R-ZMA-1119420	Glutamate_biosynthesis_V	Zm00001eb329710;Zm00001eb329710
R-ZMA-1119424	Plastid_glycolysis	Zm00001eb002270;Zm00001eb080840;Zm00001eb103580;Zm00001eb319770;Zm00001eb424110;Zm00001eb424150;Zm00001eb424190
R-ZMA-1119428	GDP-D-rhamnose_biosynthesis	Zm00001eb010710;Zm00001eb012580;Zm00001eb012590;Zm00001eb014110;Zm00001eb036220;Zm00001eb070550;Zm00001eb175030;Zm00001eb257590;Zm00001eb270090;Zm00001eb278370;Zm00001eb317540;Zm00001eb374410;Zm00001eb377770;Zm00001eb396490;Zm00001eb397570;Zm00001eb397580;Zm00001eb398580;Zm00001eb431050
R-ZMA-1119430	Chorismate_biosynthesis	Zm00001eb011020;Zm00001eb018960;Zm00001eb025030;Zm00001eb028930;Zm00001eb103800;Zm00001eb109620;Zm00001eb131900;Zm00001eb187460;Zm00001eb194410;Zm00001eb218070;Zm00001eb251010;Zm00001eb254940;Zm00001eb327800;Zm00001eb331970;Zm00001eb398400;Zm00001eb398410
R-ZMA-1119431	UDP-D-glucuronate_biosynthesis_(from_myo-inositol)	Zm00001eb025800;Zm00001eb226930;Zm00001eb272890;Zm00001eb272890;Zm00001eb384280
R-ZMA-1119434	Phytic_acid_biosynthesis_(lipid-independent)	Zm00001eb008360;Zm00001eb024800;Zm00001eb025670;Zm00001eb049310;Zm00001eb055860;Zm00001eb191270;Zm00001eb240900;Zm00001eb242280;Zm00001eb259060;Zm00001eb318540;Zm00001eb318550;Zm00001eb378070;Zm00001eb399350;Zm00001eb401220;Zm00001eb408420
R-ZMA-1119436	Peptidoglycan_biosynthesis_I	Zm00001eb111890;Zm00001eb120570;Zm00001eb264580;Zm00001eb272600;Zm00001eb284760;Zm00001eb391750
R-ZMA-1119437	Glutathione_redox_reactions_I	Zm00001eb004790;Zm00001eb074350;Zm00001eb186820;Zm00001eb258600;Zm00001eb278300;Zm00001eb394400;Zm00001eb429430
R-ZMA-1119438	Secologanin_and_strictosidine_biosynthesis	Zm00001eb006420;Zm00001eb006440;Zm00001eb016480;Zm00001eb016490;Zm00001eb016510;Zm00001eb016530;Zm00001eb048560;Zm00001eb057400;Zm00001eb109110;Zm00001eb166090;Zm00001eb173020;Zm00001eb292480;Zm00001eb366490;Zm00001eb366520;Zm00001eb367560;Zm00001eb367580;Zm00001eb367590;Zm00001eb367600;Zm00001eb367620;Zm00001eb367640;Zm00001eb398090;Zm00001eb416690;Zm00001eb416700
R-ZMA-1119439	Cholesterol_biosynthesis_III_(via_desmosterol)	Zm00001eb061440;Zm00001eb164330;Zm00001eb212630;Zm00001eb362010
R-ZMA-1119440	Anthocyanin_biosynthesis_(pelargonidin_3-O-glucoside,_cyanidin_3-O-glucoside)	Zm00001eb229190
R-ZMA-1119443	Ammonia_assimilation_cycle	Zm00001eb009090;Zm00001eb054990;Zm00001eb329710;Zm00001eb329710;Zm00001eb399860
R-ZMA-1119444	Canavanine_biosynthesis	Zm00001eb001310;Zm00001eb001320;Zm00001eb001330;Zm00001eb126200;Zm00001eb126210;Zm00001eb178070;Zm00001eb188330;Zm00001eb252020;Zm00001eb255250;Zm00001eb257230;Zm00001eb403320;Zm00001eb411740;Zm00001eb411740;Zm00001eb412930;Zm00001eb419090
R-ZMA-1119445	Beta-alanine_biosynthesis_II	Zm00001eb016980;Zm00001eb083480;Zm00001eb123620;Zm00001eb167230;Zm00001eb200160;Zm00001eb203470;Zm00001eb203470;Zm00001eb237380;Zm00001eb237390
R-ZMA-1119446	Lysine_degradation_I	Zm00001eb078440;Zm00001eb425830
R-ZMA-1119447	Putrescine_biosynthesis_I	Zm00001eb185400;Zm00001eb378210
R-ZMA-1119449	Carotenoid_biosynthesis	Zm00001eb234930;Zm00001eb271860;Zm00001eb302940;Zm00001eb361490
R-ZMA-1119450	Homocysteine_biosynthesis	Zm00001eb158950;Zm00001eb252190
R-ZMA-1119451	Xylose_degradation	Zm00001eb059010;Zm00001eb109880;Zm00001eb111020;Zm00001eb194710;Zm00001eb330180;Zm00001eb347580
R-ZMA-1119452	Galactose_degradation_II	Zm00001eb016250;Zm00001eb016250;Zm00001eb016290;Zm00001eb016290;Zm00001eb042670;Zm00001eb057810;Zm00001eb063430;Zm00001eb098110;Zm00001eb104400;Zm00001eb190590;Zm00001eb214560;Zm00001eb309880;Zm00001eb319250;Zm00001eb320800;Zm00001eb374090;Zm00001eb392880
R-ZMA-1119453	Medicarpin_biosynthesis	Zm00001eb126780
R-ZMA-1119456	Brassinosteroid_biosynthesis_II	Zm00001eb073390;Zm00001eb117280;Zm00001eb300560;Zm00001eb300570;Zm00001eb335900;Zm00001eb428540
R-ZMA-1119458	Glutamate_degradation	Zm00001eb055490;Zm00001eb070860;Zm00001eb081550;Zm00001eb171190;Zm00001eb207050;Zm00001eb233300;Zm00001eb399220;Zm00001eb430840
R-ZMA-1119460	Isoleucine_biosynthesis_from_threonine	Zm00001eb013520;Zm00001eb022930;Zm00001eb039310;Zm00001eb055020;Zm00001eb056450;Zm00001eb074240;Zm00001eb154700;Zm00001eb158190;Zm00001eb175970;Zm00001eb180890;Zm00001eb184310;Zm00001eb216240;Zm00001eb241810;Zm00001eb246720;Zm00001eb331530;Zm00001eb336190;Zm00001eb344300;Zm00001eb351810;Zm00001eb404340
R-ZMA-1119464	Methylerythritol_phosphate_pathway	Zm00001eb056240;Zm00001eb108310;Zm00001eb126690;Zm00001eb145390;Zm00001eb150630;Zm00001eb187250;Zm00001eb187260;Zm00001eb187260;Zm00001eb246530;Zm00001eb250670;Zm00001eb287860;Zm00001eb302370;Zm00001eb326360;Zm00001eb326360;Zm00001eb334370;Zm00001eb334380;Zm00001eb365960
R-ZMA-1119465	Sucrose_biosynthesis	Zm00001eb016250;Zm00001eb016250;Zm00001eb016290;Zm00001eb016290;Zm00001eb054980;Zm00001eb143360;Zm00001eb159720;Zm00001eb177450;Zm00001eb190590;Zm00001eb216260;Zm00001eb234400;Zm00001eb274530;Zm00001eb274560;Zm00001eb351280;Zm00001eb364620;Zm00001eb374090;Zm00001eb392880
R-ZMA-1119473	Cytokinins-O-glucoside_biosynthesis	Zm00001eb022930;Zm00001eb041700;Zm00001eb081210;Zm00001eb081230;Zm00001eb087380;Zm00001eb094890;Zm00001eb096940;Zm00001eb122610;Zm00001eb194060;Zm00001eb194060;Zm00001eb240490;Zm00001eb304050
R-ZMA-1119477	Starch_biosynthesis	Zm00001eb042990;Zm00001eb054980;Zm00001eb056340;Zm00001eb070230;Zm00001eb088740;Zm00001eb097730;Zm00001eb101250;Zm00001eb106160;Zm00001eb159060;Zm00001eb159720;Zm00001eb171700;Zm00001eb174590;Zm00001eb176800;Zm00001eb194550;Zm00001eb194550;Zm00001eb216260;Zm00001eb222830;Zm00001eb228530;Zm00001eb228540;Zm00001eb235570;Zm00001eb242610;Zm00001eb254490;Zm00001eb274530;Zm00001eb274560;Zm00001eb279740;Zm00001eb287400;Zm00001eb296990;Zm00001eb304130;Zm00001eb305810;Zm00001eb306410;Zm00001eb308980;Zm00001eb322950;Zm00001eb353810;Zm00001eb357830;Zm00001eb376100;Zm00001eb378140;Zm00001eb425260;Zm00001eb431240
R-ZMA-1119479	Valine_degradation	Zm00001eb009540;Zm00001eb023080;Zm00001eb117100;Zm00001eb224720;Zm00001eb249250;Zm00001eb265270;Zm00001eb302330;Zm00001eb355050;Zm00001eb409040;Zm00001eb409040
R-ZMA-1119483	Glutathione_biosynthesis	Zm00001eb115490;Zm00001eb264980;Zm00001eb354890
R-ZMA-1119484	Folate_polyglutamylation_II	Zm00001eb044170;Zm00001eb353180;Zm00001eb404110
R-ZMA-1119486	IAA_biosynthesis_I	Zm00001eb006420;Zm00001eb006440;Zm00001eb013520;Zm00001eb048560;Zm00001eb060220;Zm00001eb060250;Zm00001eb060260;Zm00001eb107350;Zm00001eb119390;Zm00001eb123040;Zm00001eb137310;Zm00001eb158550;Zm00001eb166090;Zm00001eb173020;Zm00001eb185550;Zm00001eb213190;Zm00001eb248290;Zm00001eb281900;Zm00001eb292480;Zm00001eb331530;Zm00001eb336190;Zm00001eb336530;Zm00001eb339130;Zm00001eb339150;Zm00001eb339170;Zm00001eb351810;Zm00001eb362000;Zm00001eb416690;Zm00001eb416700
R-ZMA-1119494	Tryptophan_biosynthesis	Zm00001eb011670;Zm00001eb055320;Zm00001eb060830;Zm00001eb060880;Zm00001eb063220;Zm00001eb066090;Zm00001eb080510;Zm00001eb173100;Zm00001eb203980;Zm00001eb209010;Zm00001eb211420;Zm00001eb231230;Zm00001eb301540;Zm00001eb309260;Zm00001eb387730;Zm00001eb387730;Zm00001eb403640;Zm00001eb416990
R-ZMA-1119495	Citrulline_biosynthesis	Zm00001eb022980;Zm00001eb188530;Zm00001eb252240;Zm00001eb289500;Zm00001eb347680;Zm00001eb380080;Zm00001eb391720;Zm00001eb418690
R-ZMA-1119496	Pantothenate_biosynthesis_I	Zm00001eb022930;Zm00001eb064670;Zm00001eb074240;Zm00001eb404340
R-ZMA-1119498	Phylloquinone_biosynthesis	Zm00001eb157640;Zm00001eb310830
R-ZMA-1119501	S-adenosyl-L-methionine_cycle	Zm00001eb032290;Zm00001eb090450;Zm00001eb130870;Zm00001eb170040;Zm00001eb340450;Zm00001eb354640;Zm00001eb417370
R-ZMA-1119502	Allantoin_degradation	Zm00001eb030970;Zm00001eb267390;Zm00001eb322060;Zm00001eb336190;Zm00001eb389820;Zm00001eb433900
R-ZMA-1119506	tyrosine_degradation_I	Zm00001eb113920;Zm00001eb138300;Zm00001eb146400;Zm00001eb165890;Zm00001eb201770;Zm00001eb205930;Zm00001eb232960;Zm00001eb244170;Zm00001eb379510;Zm00001eb411190
R-ZMA-1119509	Histidine_biosynthesis_I	Zm00001eb059830;Zm00001eb070570;Zm00001eb252330;Zm00001eb316500;Zm00001eb332710;Zm00001eb333360
R-ZMA-1119513	Pinobanksin_biosynthesis	Zm00001eb062510;Zm00001eb238460
R-ZMA-1119514	Anthocyanin_biosynthesis_(delphinidin_3-O-glucoside)	Zm00001eb229190
R-ZMA-1119516	Trehalose_biosynthesis_I	Zm00001eb009160;Zm00001eb098910;Zm00001eb192680;Zm00001eb257510;Zm00001eb312020;Zm00001eb391600
R-ZMA-1119519	Calvin_cycle	Zm00001eb005330;Zm00001eb011940;Zm00001eb080840;Zm00001eb086870;Zm00001eb092540;Zm00001eb103580;Zm00001eb144240;Zm00001eb147750;Zm00001eb150720;Zm00001eb197410;Zm00001eb213570;Zm00001eb233070;Zm00001eb251520;Zm00001eb280650;Zm00001eb301210;Zm00001eb301210;Zm00001eb317710;Zm00001eb319770;Zm00001eb334740;Zm00001eb365200;Zm00001eb367890;Zm00001eb378030;Zm00001eb386650;Zm00001eb386660;Zm00001eb389720;Zm00001eb402390;Zm00001eb424110;Zm00001eb424150;Zm00001eb424190
R-ZMA-1119523	Tetrahydrofolate_biosynthesis_II	Zm00001eb027080;Zm00001eb039720;Zm00001eb039830;Zm00001eb044170;Zm00001eb044760;Zm00001eb112740;Zm00001eb169580;Zm00001eb179980;Zm00001eb221160;Zm00001eb221160;Zm00001eb314490;Zm00001eb319990;Zm00001eb391750;Zm00001eb404110
R-ZMA-1119528	Beta-alanine_betaine_biosynthesis	Zm00001eb190920
R-ZMA-1119529	Sulfate_activation_for_sulfonation	Zm00001eb056910;Zm00001eb089390;Zm00001eb215080
R-ZMA-1119531	Flavonoid_biosynthesis	Zm00001eb062510
R-ZMA-1119532	CMP-KDO_biosynthesis_II_(from_D-arabinose_5-phosphate)	Zm00001eb138330;Zm00001eb343610
R-ZMA-1119533	TCA_cycle_(plant)	Zm00001eb002960;Zm00001eb013280;Zm00001eb013290;Zm00001eb016240;Zm00001eb044740;Zm00001eb085130;Zm00001eb107590;Zm00001eb117970;Zm00001eb128830;Zm00001eb131070;Zm00001eb158270;Zm00001eb158270;Zm00001eb185030;Zm00001eb206090;Zm00001eb206100;Zm00001eb220780;Zm00001eb221180;Zm00001eb236450;Zm00001eb247500;Zm00001eb271700;Zm00001eb296550;Zm00001eb299550;Zm00001eb321980;Zm00001eb325420;Zm00001eb332780;Zm00001eb340590;Zm00001eb344340;Zm00001eb402710;Zm00001eb421290;Zm00001eb424940
R-ZMA-1119534	Pyridoxal_5'-phosphate_salvage_pathway	Zm00001eb001050;Zm00001eb027880;Zm00001eb135500;Zm00001eb135500;Zm00001eb232310
R-ZMA-1119539	Ornithine_biosynthesis	Zm00001eb051410;Zm00001eb074610;Zm00001eb186530;Zm00001eb251190;Zm00001eb264960
R-ZMA-1119540	Leucine_biosynthesis	Zm00001eb002960;Zm00001eb013280;Zm00001eb013290;Zm00001eb022930;Zm00001eb074240;Zm00001eb093160;Zm00001eb128830;Zm00001eb196510;Zm00001eb208610;Zm00001eb208760;Zm00001eb230780;Zm00001eb249330;Zm00001eb332780;Zm00001eb402710;Zm00001eb404340;Zm00001eb405040;Zm00001eb424940
R-ZMA-1119544	Pantothenate_biosynthesis_II	Zm00001eb022930;Zm00001eb064670;Zm00001eb074240;Zm00001eb404340
R-ZMA-1119545	Geranylgeranyldiphosphate_biosynthesis_II_(plastidic)	Zm00001eb102710;Zm00001eb153900
R-ZMA-1119553	Asparagine_biosynthesis	Zm00001eb013430;Zm00001eb146400;Zm00001eb152450;Zm00001eb238900;Zm00001eb257910;Zm00001eb380080;Zm00001eb396990
R-ZMA-1119556	Choline_biosynthesis_I	Zm00001eb100060;Zm00001eb100060;Zm00001eb154820;Zm00001eb181690;Zm00001eb243180;Zm00001eb293970;Zm00001eb294690;Zm00001eb313980;Zm00001eb337610
R-ZMA-1119557	GA12_biosynthesis	Zm00001eb379120;Zm00001eb385070;Zm00001eb385070;Zm00001eb385100;Zm00001eb385100;Zm00001eb397820
R-ZMA-1119559	Cholesterol_biosynthesis_I	Zm00001eb061440;Zm00001eb164330;Zm00001eb212630;Zm00001eb362010
R-ZMA-1119563	UDP-D-xylose_biosynthesis	Zm00001eb012580;Zm00001eb057810;Zm00001eb137540;Zm00001eb214560;Zm00001eb362330;Zm00001eb397580
R-ZMA-1119567	Beta-alanine_biosynthesis_I	Zm00001eb100180;Zm00001eb107350;Zm00001eb155140;Zm00001eb413630;Zm00001eb427610
R-ZMA-1119568	Pantothenate_biosynthesis_III	Zm00001eb064670
R-ZMA-1119569	Kievitone_biosynthesis	Zm00001eb155590;Zm00001eb361070
R-ZMA-1119570	Cytosolic_glycolysis	Zm00001eb059230;Zm00001eb101090;Zm00001eb144240;Zm00001eb173410;Zm00001eb233070;Zm00001eb261430;Zm00001eb315420;Zm00001eb365200
R-ZMA-1119573	Dolichyl-diphosphooligosaccharide_biosynthesis	Zm00001eb096280;Zm00001eb110840;Zm00001eb229670;Zm00001eb229730;Zm00001eb254480;Zm00001eb329870
R-ZMA-1119574	UDP-L-arabinose_biosynthesis_and_transport	Zm00001eb014110;Zm00001eb049960;Zm00001eb049960;Zm00001eb050080;Zm00001eb057810;Zm00001eb067550;Zm00001eb070550;Zm00001eb108800;Zm00001eb137540;Zm00001eb208110;Zm00001eb214560;Zm00001eb219270;Zm00001eb226930;Zm00001eb227090;Zm00001eb272890;Zm00001eb272890;Zm00001eb291530;Zm00001eb327030;Zm00001eb352390;Zm00001eb355210;Zm00001eb362330;Zm00001eb369360;Zm00001eb396490;Zm00001eb405220;Zm00001eb431050
R-ZMA-1119579	Glycine_betaine_biosynthesis_III	Zm00001eb041930;Zm00001eb179190;Zm00001eb424410
R-ZMA-1119580	IAA_biosynthesis_II	Zm00001eb077100;Zm00001eb159820;Zm00001eb226030;Zm00001eb304530
R-ZMA-1119581	Thiosulfate_disproportionation_III_(rhodanese)	Zm00001eb207410
R-ZMA-1119582	Phenylpropanoid_biosynthesis,_initial_reactions	Zm00001eb050970;Zm00001eb077220;Zm00001eb077230;Zm00001eb077230;Zm00001eb185240;Zm00001eb185250;Zm00001eb185260;Zm00001eb205530;Zm00001eb247630;Zm00001eb247650;Zm00001eb247660;Zm00001eb285030;Zm00001eb346150
R-ZMA-1119583	Phytocassane_biosynthesis	Zm00001eb071070
R-ZMA-1119586	Cyanate_degradation	Zm00001eb037940;Zm00001eb037950;Zm00001eb046120;Zm00001eb083840;Zm00001eb092650;Zm00001eb101050;Zm00001eb158800;Zm00001eb158800;Zm00001eb176620;Zm00001eb197090;Zm00001eb315340;Zm00001eb359190
R-ZMA-1119593	Oleoresin_monoterpene_volatiles_biosynthesis	Zm00001eb158790;Zm00001eb334360
R-ZMA-1119594	Pyridoxal_5'-phosphate_biosynthesis	Zm00001eb001050;Zm00001eb027880;Zm00001eb232310;Zm00001eb287860;Zm00001eb302370
R-ZMA-1119595	Mannose_degradation	Zm00001eb141560;Zm00001eb285110;Zm00001eb363200;Zm00001eb363200
R-ZMA-1119596	Glutamate_biosynthesis_I	Zm00001eb070280;Zm00001eb109300;Zm00001eb300130
R-ZMA-1119600	Valine_biosynthesis	Zm00001eb013520;Zm00001eb039310;Zm00001eb056450;Zm00001eb154700;Zm00001eb158190;Zm00001eb175970;Zm00001eb180890;Zm00001eb184310;Zm00001eb241810;Zm00001eb246720;Zm00001eb331530;Zm00001eb336190;Zm00001eb344300;Zm00001eb351810
R-ZMA-1119601	Trehalose_degradation_II	Zm00001eb021270;Zm00001eb141560;Zm00001eb285110;Zm00001eb363200;Zm00001eb363200
R-ZMA-1119602	Phytyl-PP_biosynthesis	Zm00001eb254510
R-ZMA-1119605	Chlorophyll_a_biosynthesis_II	Zm00001eb254510
R-ZMA-1119609	Phaseic_acid_biosynthesis	Zm00001eb100780;Zm00001eb251960;Zm00001eb314900
R-ZMA-1119610	Biotin_biosynthesis_II	Zm00001eb016230;Zm00001eb023770;Zm00001eb023770;Zm00001eb023770;Zm00001eb023770;Zm00001eb023770;Zm00001eb023770;Zm00001eb023770;Zm00001eb023770;Zm00001eb023770;Zm00001eb023770;Zm00001eb023770;Zm00001eb023770;Zm00001eb037230;Zm00001eb050460;Zm00001eb077630;Zm00001eb077640;Zm00001eb085250;Zm00001eb113010;Zm00001eb170230;Zm00001eb170240;Zm00001eb171190;Zm00001eb198320;Zm00001eb290370;Zm00001eb290460;Zm00001eb326110;Zm00001eb326120;Zm00001eb363730;Zm00001eb393370;Zm00001eb412500;Zm00001eb426650
R-ZMA-1119612	Cysteine_degradation	Zm00001eb031400;Zm00001eb129710;Zm00001eb157380;Zm00001eb157380;Zm00001eb310290;Zm00001eb332260
R-ZMA-1119615	Mevalonate_pathway	Zm00001eb001340;Zm00001eb019210;Zm00001eb033060;Zm00001eb102030;Zm00001eb103070;Zm00001eb199950;Zm00001eb209270;Zm00001eb209470;Zm00001eb257840;Zm00001eb288110;Zm00001eb316960;Zm00001eb318820;Zm00001eb323510;Zm00001eb334430;Zm00001eb349410
R-ZMA-1119617	Folate_polyglutamylation_I	Zm00001eb044170;Zm00001eb314490;Zm00001eb391750;Zm00001eb404110
R-ZMA-1119618	13-LOX_and_13-HPL_pathway	Zm00001eb005920;Zm00001eb035010;Zm00001eb081610;Zm00001eb081610;Zm00001eb206040;Zm00001eb236430;Zm00001eb423430
R-ZMA-1119620	GDP-L-fucose_biosynthesis_I_(from_GDP-D-mannose)	Zm00001eb010710;Zm00001eb012580;Zm00001eb012590;Zm00001eb014110;Zm00001eb036220;Zm00001eb070550;Zm00001eb175030;Zm00001eb257590;Zm00001eb270090;Zm00001eb278370;Zm00001eb317540;Zm00001eb374410;Zm00001eb377770;Zm00001eb388990;Zm00001eb396490;Zm00001eb397570;Zm00001eb397580;Zm00001eb398580;Zm00001eb431050
R-ZMA-1119622	Arginine_biosynthesis_II_(acetyl_cycle)	Zm00001eb012670;Zm00001eb051410;Zm00001eb074610;Zm00001eb186530;Zm00001eb264960;Zm00001eb411740;Zm00001eb411740
R-ZMA-1119623	Acyl-CoA_synthetase_pathway	Zm00001eb093590;Zm00001eb195860;Zm00001eb407800
R-ZMA-1119624	Methionine_salvage_pathway	Zm00001eb036610;Zm00001eb055950;Zm00001eb073290;Zm00001eb121190;Zm00001eb130870;Zm00001eb168430;Zm00001eb175180;Zm00001eb340450;Zm00001eb354640;Zm00001eb417370;Zm00001eb428490;Zm00001eb433310
R-ZMA-1119625	Gibberellin_biosynthesis_I_(non_C-3,_non_C-13_hydroxylation)	Zm00001eb298190;Zm00001eb337550
R-ZMA-1119628	GDP-mannose_metabolism	Zm00001eb065790;Zm00001eb125530;Zm00001eb141560;Zm00001eb167360;Zm00001eb285110;Zm00001eb335030;Zm00001eb363200;Zm00001eb363200
R-ZMA-1119629	Thiamine_biosynthesis	Zm00001eb138710;Zm00001eb287860;Zm00001eb302370
R-ZMA-1119631	Proline_biosynthesis_I	Zm00001eb141220;Zm00001eb289500;Zm00001eb347680
R-ZMA-3899351	Abscisic_acid_(ABA)_mediated_signaling	Zm00001eb012040;Zm00001eb051510;Zm00001eb051510;Zm00001eb072810;Zm00001eb072810;Zm00001eb073420;Zm00001eb073420;Zm00001eb073430;Zm00001eb073430;Zm00001eb187630;Zm00001eb204540;Zm00001eb204540;Zm00001eb219160;Zm00001eb219160;Zm00001eb238620;Zm00001eb238620;Zm00001eb294200;Zm00001eb356420;Zm00001eb428080
R-ZMA-4827054	Tetrapyrrole_biosynthesis_I	Zm00001eb006450;Zm00001eb207370;Zm00001eb227310;Zm00001eb233020;Zm00001eb291360
R-ZMA-5225756	Ethylene_mediated_signaling	Zm00001eb088180;Zm00001eb419810
R-ZMA-5367729	Strigolactone_biosynthesis	Zm00001eb074640;Zm00001eb114610;Zm00001eb114700;Zm00001eb123090;Zm00001eb153000;Zm00001eb205110
R-ZMA-5608118	Auxin_signalling	Zm00001eb043960;Zm00001eb045640;Zm00001eb056870;Zm00001eb066640;Zm00001eb067270;Zm00001eb076420;Zm00001eb082150;Zm00001eb085030;Zm00001eb113030;Zm00001eb121410;Zm00001eb129570;Zm00001eb133000;Zm00001eb135550;Zm00001eb137840;Zm00001eb137840;Zm00001eb142540;Zm00001eb150590;Zm00001eb150590;Zm00001eb152940;Zm00001eb156910;Zm00001eb157270;Zm00001eb158690;Zm00001eb158690;Zm00001eb174180;Zm00001eb182260;Zm00001eb191370;Zm00001eb193850;Zm00001eb194640;Zm00001eb194640;Zm00001eb196240;Zm00001eb196240;Zm00001eb208230;Zm00001eb221620;Zm00001eb224680;Zm00001eb225570;Zm00001eb230300;Zm00001eb239550;Zm00001eb243930;Zm00001eb254390;Zm00001eb254390;Zm00001eb255540;Zm00001eb258220;Zm00001eb259660;Zm00001eb273840;Zm00001eb284310;Zm00001eb292830;Zm00001eb293610;Zm00001eb295580;Zm00001eb295830;Zm00001eb332360;Zm00001eb343460;Zm00001eb350370;Zm00001eb354200;Zm00001eb360250;Zm00001eb363810;Zm00001eb370810;Zm00001eb372180;Zm00001eb372180;Zm00001eb373970;Zm00001eb375570;Zm00001eb375720;Zm00001eb375720;Zm00001eb379440;Zm00001eb408800;Zm00001eb410780;Zm00001eb410780;Zm00001eb410800;Zm00001eb410800;Zm00001eb416150;Zm00001eb416150;Zm00001eb421340;Zm00001eb433020;Zm00001eb433460
R-ZMA-5632095	Brassinosteroid_signaling	Zm00001eb005220;Zm00001eb011010;Zm00001eb022440;Zm00001eb024290;Zm00001eb031970;Zm00001eb031970;Zm00001eb031970;Zm00001eb037200;Zm00001eb041780;Zm00001eb045890;Zm00001eb048270;Zm00001eb051710;Zm00001eb059460;Zm00001eb061450;Zm00001eb062100;Zm00001eb064210;Zm00001eb067570;Zm00001eb068900;Zm00001eb080570;Zm00001eb094420;Zm00001eb101410;Zm00001eb113790;Zm00001eb117950;Zm00001eb120370;Zm00001eb120750;Zm00001eb120750;Zm00001eb120750;Zm00001eb127680;Zm00001eb134690;Zm00001eb134690;Zm00001eb134690;Zm00001eb159340;Zm00001eb179490;Zm00001eb198280;Zm00001eb199090;Zm00001eb201570;Zm00001eb205080;Zm00001eb212620;Zm00001eb213550;Zm00001eb221860;Zm00001eb227240;Zm00001eb249050;Zm00001eb271020;Zm00001eb277250;Zm00001eb292300;Zm00001eb300650;Zm00001eb325190;Zm00001eb325550;Zm00001eb325550;Zm00001eb325550;Zm00001eb333590;Zm00001eb333590;Zm00001eb333590;Zm00001eb338190;Zm00001eb354380;Zm00001eb354380;Zm00001eb354380;Zm00001eb358740;Zm00001eb378590;Zm00001eb384820;Zm00001eb384820;Zm00001eb384820;Zm00001eb385280;Zm00001eb390580;Zm00001eb398420;Zm00001eb402460;Zm00001eb404530;Zm00001eb415530;Zm00001eb424290;Zm00001eb432720
R-ZMA-5633340	Citrulline-nitric_oxide_cycle	Zm00001eb209870;Zm00001eb411740;Zm00001eb411740
R-ZMA-5654828	Strigolactone_signaling	Zm00001eb007670;Zm00001eb011010;Zm00001eb035030;Zm00001eb127680;Zm00001eb157900;Zm00001eb199880;Zm00001eb270950;Zm00001eb333590;Zm00001eb333590;Zm00001eb333590;Zm00001eb359510;Zm00001eb376660;Zm00001eb398420;Zm00001eb400720;Zm00001eb415530
R-ZMA-5654894	UDP-D-apiose_biosynthesis	Zm00001eb137540;Zm00001eb362330
R-ZMA-5654909	Xylan_biosynthesis	Zm00001eb006350;Zm00001eb089600;Zm00001eb209740;Zm00001eb229630;Zm00001eb265440;Zm00001eb355140;Zm00001eb418920
R-ZMA-5655010	Xylogalacturonan_biosynthesis	Zm00001eb302320
R-ZMA-5655101	Xyloglucan_biosynthesis	Zm00001eb117920;Zm00001eb123560;Zm00001eb189100;Zm00001eb193680;Zm00001eb197650;Zm00001eb197690;Zm00001eb242630;Zm00001eb255840;Zm00001eb299010;Zm00001eb299020;Zm00001eb299170;Zm00001eb314930;Zm00001eb373260;Zm00001eb402930;Zm00001eb406580;Zm00001eb406590;Zm00001eb406700
R-ZMA-5679411	Gibberellin_signaling	Zm00001eb019470;Zm00001eb037730;Zm00001eb039810;Zm00001eb054480;Zm00001eb059460;Zm00001eb073830;Zm00001eb100130;Zm00001eb100660;Zm00001eb109190;Zm00001eb118840;Zm00001eb120750;Zm00001eb121010;Zm00001eb160120;Zm00001eb213550;Zm00001eb216610;Zm00001eb287800;Zm00001eb287800;Zm00001eb314010;Zm00001eb314580;Zm00001eb320600;Zm00001eb325550;Zm00001eb327450;Zm00001eb337700;Zm00001eb339510;Zm00001eb349710;Zm00001eb357220;Zm00001eb384820
R-ZMA-6787011	Jasmonic_acid_signaling	Zm00001eb002390;Zm00001eb005980;Zm00001eb005980;Zm00001eb005990;Zm00001eb005990;Zm00001eb011780;Zm00001eb015250;Zm00001eb015250;Zm00001eb015440;Zm00001eb019470;Zm00001eb019470;Zm00001eb020120;Zm00001eb024330;Zm00001eb034980;Zm00001eb040310;Zm00001eb042020;Zm00001eb048780;Zm00001eb048780;Zm00001eb053170;Zm00001eb053170;Zm00001eb054480;Zm00001eb056840;Zm00001eb056840;Zm00001eb068050;Zm00001eb068050;Zm00001eb071590;Zm00001eb075170;Zm00001eb084980;Zm00001eb084980;Zm00001eb098700;Zm00001eb099240;Zm00001eb099240;Zm00001eb100130;Zm00001eb100130;Zm00001eb102950;Zm00001eb109190;Zm00001eb109190;Zm00001eb111680;Zm00001eb114530;Zm00001eb119000;Zm00001eb119730;Zm00001eb119750;Zm00001eb127680;Zm00001eb147720;Zm00001eb154960;Zm00001eb155410;Zm00001eb164160;Zm00001eb164160;Zm00001eb177330;Zm00001eb177560;Zm00001eb178550;Zm00001eb178900;Zm00001eb178900;Zm00001eb179390;Zm00001eb179390;Zm00001eb206730;Zm00001eb215440;Zm00001eb215440;Zm00001eb216610;Zm00001eb223620;Zm00001eb223620;Zm00001eb233250;Zm00001eb233250;Zm00001eb234120;Zm00001eb236940;Zm00001eb247810;Zm00001eb274360;Zm00001eb274360;Zm00001eb278150;Zm00001eb288770;Zm00001eb307550;Zm00001eb311250;Zm00001eb312170;Zm00001eb312170;Zm00001eb314010;Zm00001eb314010;Zm00001eb316730;Zm00001eb318500;Zm00001eb325530;Zm00001eb325530;Zm00001eb326900;Zm00001eb327450;Zm00001eb327450;Zm00001eb331080;Zm00001eb333590;Zm00001eb333590;Zm00001eb333590;Zm00001eb338800;Zm00001eb339360;Zm00001eb343360;Zm00001eb344950;Zm00001eb347860;Zm00001eb367310;Zm00001eb368640;Zm00001eb384630;Zm00001eb384630;Zm00001eb385490;Zm00001eb389870;Zm00001eb389870;Zm00001eb390330;Zm00001eb392380;Zm00001eb392380;Zm00001eb393150;Zm00001eb395130;Zm00001eb395480;Zm00001eb395510;Zm00001eb395510;Zm00001eb397990;Zm00001eb401760;Zm00001eb401760;Zm00001eb408520;Zm00001eb415530;Zm00001eb432370;Zm00001eb432370
R-ZMA-6788019	Salicylic_acid_signaling	Zm00001eb015150;Zm00001eb065410;Zm00001eb065420;Zm00001eb090980;Zm00001eb090980;Zm00001eb099090;Zm00001eb099090;Zm00001eb099240;Zm00001eb099460;Zm00001eb100130;Zm00001eb121040;Zm00001eb121040;Zm00001eb138190;Zm00001eb147220;Zm00001eb150360;Zm00001eb153330;Zm00001eb172410;Zm00001eb197040;Zm00001eb197040;Zm00001eb197040;Zm00001eb202040;Zm00001eb202040;Zm00001eb206790;Zm00001eb288970;Zm00001eb310840;Zm00001eb312170;Zm00001eb312870;Zm00001eb312890;Zm00001eb314010;Zm00001eb326460;Zm00001eb331170;Zm00001eb366880;Zm00001eb366880;Zm00001eb369060;Zm00001eb369280;Zm00001eb370160;Zm00001eb370960;Zm00001eb393610;Zm00001eb406770;Zm00001eb408520;Zm00001eb408520;Zm00001eb415730;Zm00001eb428800
R-ZMA-8858053	Polar_auxin_transport	Zm00001eb036380;Zm00001eb154930;Zm00001eb196240;Zm00001eb249020;Zm00001eb389260
R-ZMA-8868949	Intracellular_auxin_transport	Zm00001eb039040;Zm00001eb149720;Zm00001eb175860;Zm00001eb184320;Zm00001eb316860;Zm00001eb320680;Zm00001eb320700;Zm00001eb320710;Zm00001eb320720;Zm00001eb422020
R-ZMA-8879007	Response_to_cold_temperature	Zm00001eb026940;Zm00001eb030190;Zm00001eb044560;Zm00001eb070480;Zm00001eb073550;Zm00001eb142500;Zm00001eb148580;Zm00001eb185160;Zm00001eb215300;Zm00001eb247570;Zm00001eb250560;Zm00001eb269420;Zm00001eb271520;Zm00001eb294480;Zm00001eb308270;Zm00001eb368070;Zm00001eb375580;Zm00001eb377870;Zm00001eb431120
R-ZMA-8933811	Circadian_rhythm	Zm00001eb014850;Zm00001eb014850;Zm00001eb023910;Zm00001eb055460;Zm00001eb055460;Zm00001eb058320;Zm00001eb084090;Zm00001eb103490;Zm00001eb112080;Zm00001eb113780;Zm00001eb122110;Zm00001eb129520;Zm00001eb129520;Zm00001eb150240;Zm00001eb159890;Zm00001eb161440;Zm00001eb172450;Zm00001eb182820;Zm00001eb184870;Zm00001eb201580;Zm00001eb216020;Zm00001eb216020;Zm00001eb226260;Zm00001eb232410;Zm00001eb235510;Zm00001eb244770;Zm00001eb247330;Zm00001eb259370;Zm00001eb273260;Zm00001eb300230;Zm00001eb319590;Zm00001eb332400;Zm00001eb337600;Zm00001eb382070;Zm00001eb396030;Zm00001eb396030;Zm00001eb397240;Zm00001eb397240;Zm00001eb415760;Zm00001eb415770
R-ZMA-8934036	Long_day_regulated_expression_of_florigens	Zm00001eb001670;Zm00001eb014850;Zm00001eb046540;Zm00001eb055840;Zm00001eb057540;Zm00001eb062460;Zm00001eb110960;Zm00001eb110960;Zm00001eb118120;Zm00001eb122110;Zm00001eb172020;Zm00001eb174450;Zm00001eb214750;Zm00001eb260200;Zm00001eb271180;Zm00001eb291470;Zm00001eb298680;Zm00001eb308480;Zm00001eb337600;Zm00001eb380460;Zm00001eb396030;Zm00001eb403750;Zm00001eb418700
R-ZMA-8934108	Short_day_regulated_expression_of_florigens	Zm00001eb001670;Zm00001eb046540;Zm00001eb046540;Zm00001eb068540;Zm00001eb110960;Zm00001eb110960;Zm00001eb137870;Zm00001eb172020;Zm00001eb207950;Zm00001eb232450;Zm00001eb271180;Zm00001eb294390;Zm00001eb380460;Zm00001eb380460;Zm00001eb403750;Zm00001eb410700;Zm00001eb432070
R-ZMA-8934257	Transition_from_vegetative_to_reproductive_shoot_apical_meristem	Zm00001eb037200;Zm00001eb037200;Zm00001eb041780;Zm00001eb041780;Zm00001eb057540;Zm00001eb062100;Zm00001eb062100;Zm00001eb118120;Zm00001eb179490;Zm00001eb179490;Zm00001eb198280;Zm00001eb198280;Zm00001eb214750;Zm00001eb271020;Zm00001eb271020;Zm00001eb271180;Zm00001eb271180;Zm00001eb292300;Zm00001eb292300;Zm00001eb298680;Zm00001eb331220;Zm00001eb331880;Zm00001eb331880
R-ZMA-8986768	Anther_and_pollen_development	Zm00001eb033930;Zm00001eb063130;Zm00001eb143420;Zm00001eb208200;Zm00001eb332170;Zm00001eb364720;Zm00001eb402470;Zm00001eb408950
R-ZMA-9025727	Iron_uptake_and_transport_in_root_vascular_system	Zm00001eb052440;Zm00001eb097120;Zm00001eb133440;Zm00001eb196170;Zm00001eb427720
R-ZMA-9025754	Mugineic_acid_biosynthesis	Zm00001eb010040;Zm00001eb014680;Zm00001eb014700;Zm00001eb052890;Zm00001eb218440;Zm00001eb324170;Zm00001eb331330;Zm00001eb354640;Zm00001eb396230;Zm00001eb396250;Zm00001eb396280;Zm00001eb417370
R-ZMA-9030557	Lateral_root_initiation	Zm00001eb056870;Zm00001eb181260;Zm00001eb242390;Zm00001eb242400;Zm00001eb333730;Zm00001eb354200
R-ZMA-9030654	Primary_root_development	Zm00001eb056870;Zm00001eb095330;Zm00001eb143210;Zm00001eb149360;Zm00001eb149360;Zm00001eb172650;Zm00001eb181880;Zm00001eb182360;Zm00001eb197630;Zm00001eb243380;Zm00001eb243960;Zm00001eb268180;Zm00001eb287100;Zm00001eb303200;Zm00001eb365660;Zm00001eb374830;Zm00001eb425730;Zm00001eb434590
R-ZMA-9030680	Crown_root_development	Zm00001eb105480;Zm00001eb153660;Zm00001eb365740
R-ZMA-9030908	Underwater_shoot_and_internode_elongation	Zm00001eb035030;Zm00001eb199880
R-ZMA-9031225	Response_to_phosphate_deficiency	Zm00001eb047070;Zm00001eb047070;Zm00001eb222510;Zm00001eb222510
R-ZMA-9035605	Regulation_of_seed_size	Zm00001eb019600;Zm00001eb035030;Zm00001eb035030;Zm00001eb052290;Zm00001eb056050;Zm00001eb056050;Zm00001eb056300;Zm00001eb105640;Zm00001eb105640;Zm00001eb175150;Zm00001eb175150;Zm00001eb175150;Zm00001eb175150;Zm00001eb175190;Zm00001eb175190;Zm00001eb199880;Zm00001eb199880;Zm00001eb215560;Zm00001eb215560;Zm00001eb251820;Zm00001eb251820;Zm00001eb322280;Zm00001eb322280
R-ZMA-9607185	Generation_of_superoxide_radicals	Zm00001eb130940;Zm00001eb154010;Zm00001eb154010;Zm00001eb293430;Zm00001eb298210;Zm00001eb298220;Zm00001eb313960;Zm00001eb410380;Zm00001eb410380
R-ZMA-9608575	Reproductive_meristem_phase_change	Zm00001eb035030;Zm00001eb035030;Zm00001eb056050;Zm00001eb056050;Zm00001eb056300;Zm00001eb062460;Zm00001eb062460;Zm00001eb085030;Zm00001eb085030;Zm00001eb150140;Zm00001eb150140;Zm00001eb199880;Zm00001eb199880;Zm00001eb215560;Zm00001eb215560;Zm00001eb303810;Zm00001eb303810;Zm00001eb303810;Zm00001eb303810;Zm00001eb316740;Zm00001eb316740;Zm00001eb354200;Zm00001eb354200;Zm00001eb357450;Zm00001eb369190;Zm00001eb369190;Zm00001eb415530;Zm00001eb421340;Zm00001eb421340
R-ZMA-9609102	Flower_development	Zm00001eb037200;Zm00001eb041780;Zm00001eb057540;Zm00001eb062100;Zm00001eb118120;Zm00001eb125620;Zm00001eb179490;Zm00001eb198280;Zm00001eb214750;Zm00001eb271020;Zm00001eb271180;Zm00001eb292300;Zm00001eb298680;Zm00001eb416180
R-ZMA-9609352	Lycopene_catabolism	Zm00001eb402840
R-ZMA-9609573	Tricin_biosynthesis	Zm00001eb089700;Zm00001eb172420;Zm00001eb238550;Zm00001eb351260;Zm00001eb419010;Zm00001eb419040
R-ZMA-9610720	Oryzalide_A_biosynthesis	Zm00001eb222540;Zm00001eb222660;Zm00001eb222680
R-ZMA-9611432	Recognition_of_fungal_and_bacterial_pathogens_and_immunity_response	Zm00001eb002690;Zm00001eb016940;Zm00001eb029250;Zm00001eb029250;Zm00001eb037080;Zm00001eb037080;Zm00001eb110720;Zm00001eb110720;Zm00001eb131620;Zm00001eb131620;Zm00001eb136450;Zm00001eb136450;Zm00001eb147940;Zm00001eb278940;Zm00001eb284280;Zm00001eb314660;Zm00001eb329690;Zm00001eb329690;Zm00001eb329690;Zm00001eb329690;Zm00001eb330020;Zm00001eb341260;Zm00001eb341260;Zm00001eb355810;Zm00001eb394700
R-ZMA-9618218	Arsenic_uptake_and_detoxification	Zm00001eb000580;Zm00001eb043650;Zm00001eb047070;Zm00001eb070400;Zm00001eb087690;Zm00001eb096620;Zm00001eb097120;Zm00001eb194530;Zm00001eb207830;Zm00001eb222510;Zm00001eb239170;Zm00001eb254540;Zm00001eb279660;Zm00001eb306400;Zm00001eb331830;Zm00001eb372380;Zm00001eb420080
R-ZMA-9626305	Regulatory_network_of_nutrient_accumulation	Zm00001eb032760;Zm00001eb063700;Zm00001eb088740;Zm00001eb174590;Zm00001eb228530;Zm00001eb228540;Zm00001eb242610;Zm00001eb378140
R-ZMA-9639136	Response_to_Aluminum_stress	Zm00001eb214670;Zm00001eb226430;Zm00001eb231210;Zm00001eb261140
R-ZMA-9639861	Development_of_root_hair	Zm00001eb013950;Zm00001eb025100;Zm00001eb051510;Zm00001eb147480;Zm00001eb148780;Zm00001eb185910;Zm00001eb219160;Zm00001eb242010;Zm00001eb297300;Zm00001eb345270;Zm00001eb379210;Zm00001eb396610;Zm00001eb426560;Zm00001eb428150
R-ZMA-9640760	G1_phase	Zm00001eb003110;Zm00001eb038430;Zm00001eb056480;Zm00001eb095620;Zm00001eb101120;Zm00001eb180180;Zm00001eb193730;Zm00001eb208520;Zm00001eb208520;Zm00001eb221920;Zm00001eb255750;Zm00001eb307250;Zm00001eb311740;Zm00001eb402760
R-ZMA-9640882	Assembly_of_pre-replication_complex	Zm00001eb028400;Zm00001eb044980;Zm00001eb068330;Zm00001eb137000;Zm00001eb147490;Zm00001eb156550;Zm00001eb162700;Zm00001eb169610;Zm00001eb192270;Zm00001eb192280;Zm00001eb214490;Zm00001eb248940;Zm00001eb257900;Zm00001eb284360;Zm00001eb290510;Zm00001eb328260;Zm00001eb342080;Zm00001eb367100;Zm00001eb377000;Zm00001eb432300
R-ZMA-9640887	G1/S_transition	Zm00001eb037120;Zm00001eb037120;Zm00001eb038430;Zm00001eb089380;Zm00001eb095620;Zm00001eb101120;Zm00001eb113470;Zm00001eb113470;Zm00001eb180180;Zm00001eb181510;Zm00001eb197990;Zm00001eb197990;Zm00001eb198220;Zm00001eb198220;Zm00001eb198220;Zm00001eb198220;Zm00001eb198240;Zm00001eb198240;Zm00001eb208520;Zm00001eb243000;Zm00001eb307250;Zm00001eb311740;Zm00001eb360340;Zm00001eb407120
R-ZMA-9645850	Activation_of_pre-replication_complex	Zm00001eb008630;Zm00001eb014460;Zm00001eb028400;Zm00001eb037700;Zm00001eb091010;Zm00001eb091010;Zm00001eb137000;Zm00001eb146610;Zm00001eb147490;Zm00001eb156550;Zm00001eb162700;Zm00001eb163660;Zm00001eb163670;Zm00001eb169610;Zm00001eb192270;Zm00001eb192280;Zm00001eb214490;Zm00001eb248940;Zm00001eb257900;Zm00001eb259380;Zm00001eb266890;Zm00001eb273330;Zm00001eb284360;Zm00001eb290510;Zm00001eb328260;Zm00001eb342080;Zm00001eb367100;Zm00001eb400180;Zm00001eb405460;Zm00001eb407100;Zm00001eb409930;Zm00001eb421110
R-ZMA-9675304	Lateral_root_emergence	Zm00001eb152940;Zm00001eb370810
R-ZMA-9675508	Root_elongation	Zm00001eb013100;Zm00001eb118970;Zm00001eb192730;Zm00001eb270940;Zm00001eb374270;Zm00001eb376640;Zm00001eb397190
R-ZMA-9675782	Maturation	Zm00001eb002170;Zm00001eb045200;Zm00001eb072560;Zm00001eb120810;Zm00001eb146610;Zm00001eb192050;Zm00001eb201340;Zm00001eb258230;Zm00001eb266890;Zm00001eb273330;Zm00001eb294290;Zm00001eb338160;Zm00001eb407100;Zm00001eb409930;Zm00001eb421110
R-ZMA-9675815	Leading_strand_synthesis	Zm00001eb002170;Zm00001eb060330;Zm00001eb114240;Zm00001eb120810;Zm00001eb146610;Zm00001eb192050;Zm00001eb201340;Zm00001eb213170;Zm00001eb256550;Zm00001eb258230;Zm00001eb338160;Zm00001eb407100;Zm00001eb408240;Zm00001eb409930;Zm00001eb421110;Zm00001eb428750
R-ZMA-9675824	DNA_replication_Initiation	Zm00001eb028400;Zm00001eb037700;Zm00001eb065860;Zm00001eb108600;Zm00001eb137000;Zm00001eb146610;Zm00001eb162700;Zm00001eb163660;Zm00001eb163670;Zm00001eb169610;Zm00001eb192270;Zm00001eb192280;Zm00001eb198650;Zm00001eb257900;Zm00001eb284360;Zm00001eb290510;Zm00001eb331580;Zm00001eb342080;Zm00001eb405460;Zm00001eb407100;Zm00001eb409930;Zm00001eb412290;Zm00001eb421110
R-ZMA-9675885	Lagging_strand_synthesis	Zm00001eb002170;Zm00001eb120810;Zm00001eb146610;Zm00001eb192050;Zm00001eb201340;Zm00001eb258230;Zm00001eb266890;Zm00001eb273330;Zm00001eb338160;Zm00001eb407100;Zm00001eb409930;Zm00001eb421110
R-ZMA-9766881	TF_network_involved_in_salinity_response	Zm00001eb013100;Zm00001eb015570;Zm00001eb062560;Zm00001eb080700;Zm00001eb081480;Zm00001eb095110;Zm00001eb145580;Zm00001eb147240;Zm00001eb148570;Zm00001eb149550;Zm00001eb153330;Zm00001eb183190;Zm00001eb245030;Zm00001eb288870;Zm00001eb291630;Zm00001eb318900;Zm00001eb318910;Zm00001eb336270;Zm00001eb366900;Zm00001eb368050;Zm00001eb370960;Zm00001eb392580;Zm00001eb395380;Zm00001eb397190;Zm00001eb405590
R-ZMA-9826782	Regulation_of_seed_germination_and_coleoptile_growth_under_submergence_and_normal_gravity_environment	Zm00001eb006160;Zm00001eb006680;Zm00001eb007950;Zm00001eb015120;Zm00001eb015320;Zm00001eb020630;Zm00001eb020640;Zm00001eb020650;Zm00001eb032110;Zm00001eb038070;Zm00001eb046740;Zm00001eb055920;Zm00001eb071050;Zm00001eb093200;Zm00001eb093650;Zm00001eb098330;Zm00001eb100410;Zm00001eb117820;Zm00001eb123630;Zm00001eb124740;Zm00001eb129490;Zm00001eb134520;Zm00001eb169480;Zm00001eb169480;Zm00001eb177340;Zm00001eb177340;Zm00001eb179390;Zm00001eb183190;Zm00001eb186150;Zm00001eb187190;Zm00001eb190750;Zm00001eb193670;Zm00001eb195770;Zm00001eb196470;Zm00001eb206730;Zm00001eb234120;Zm00001eb245030;Zm00001eb249440;Zm00001eb250540;Zm00001eb251710;Zm00001eb251710;Zm00001eb252580;Zm00001eb255860;Zm00001eb264910;Zm00001eb264910;Zm00001eb264920;Zm00001eb274260;Zm00001eb280600;Zm00001eb285760;Zm00001eb290350;Zm00001eb292690;Zm00001eb295060;Zm00001eb299420;Zm00001eb310260;Zm00001eb310270;Zm00001eb314790;Zm00001eb328570;Zm00001eb330490;Zm00001eb336170;Zm00001eb353030;Zm00001eb354510;Zm00001eb354510;Zm00001eb354880;Zm00001eb368640;Zm00001eb379950;Zm00001eb390020;Zm00001eb393490;Zm00001eb395580;Zm00001eb400950;Zm00001eb400960;Zm00001eb401480;Zm00001eb405060;Zm00001eb415520;Zm00001eb420440;Zm00001eb430720
R-ZMA-9828944	Regulation_of_lemma_joint_development_and_leaf_angle_by_cytokinin	Zm00001eb045490
R-ZMA-9916190	Root_angle_formation:_elongation_and_curvature_response	Zm00001eb121270;Zm00001eb188370;Zm00001eb252060;Zm00001eb261000;Zm00001eb261000;Zm00001eb261030;Zm00001eb261030;Zm00001eb261050;Zm00001eb261050;Zm00001eb261060;Zm00001eb261060;Zm00001eb261070;Zm00001eb261070;Zm00001eb261080;Zm00001eb261080;Zm00001eb261090;Zm00001eb261090;Zm00001eb261110;Zm00001eb261110;Zm00001eb261110;Zm00001eb261110;Zm00001eb291470;Zm00001eb291750;Zm00001eb337450
R-ZMA-9924451	Shoot_(tiller)_formation_and_regulation_of_tiller_angle_	Zm00001eb004670;Zm00001eb015500;Zm00001eb103250;Zm00001eb122110;Zm00001eb169480;Zm00001eb169480;Zm00001eb177340;Zm00001eb177340;Zm00001eb179560;Zm00001eb227240;Zm00001eb251710;Zm00001eb251710;Zm00001eb321140;Zm00001eb337600;Zm00001eb395430;Zm00001eb429650;Zm00001eb429670
R-ZMA-9924494	Gravity_sensing_and_statolith_sedimentation	Zm00001eb014850;Zm00001eb129520;Zm00001eb129520;Zm00001eb332400;Zm00001eb389260;Zm00001eb389260;Zm00001eb396030
R-ZMA-9924511	Strigolactone-mediated_axillary_bud_dormancy_and_suppression_of_tillering	Zm00001eb007670;Zm00001eb007950;Zm00001eb054440;Zm00001eb188280;Zm00001eb216630;Zm00001eb251990;Zm00001eb253580;Zm00001eb270950;Zm00001eb290950;Zm00001eb376660;Zm00001eb400720;Zm00001eb400950;Zm00001eb400960
R-ZMA-9928831	Severe_drought	Zm00001eb037200;Zm00001eb037200;Zm00001eb041780;Zm00001eb041780;Zm00001eb046540;Zm00001eb062100;Zm00001eb062100;Zm00001eb146690;Zm00001eb164120;Zm00001eb164120;Zm00001eb179490;Zm00001eb179490;Zm00001eb195430;Zm00001eb197000;Zm00001eb197000;Zm00001eb198280;Zm00001eb198280;Zm00001eb271020;Zm00001eb271020;Zm00001eb292300;Zm00001eb292300;Zm00001eb331880;Zm00001eb366690;Zm00001eb406030;Zm00001eb406740;Zm00001eb406740
R-ZMA-9928946	Drought_escape_(DE)_via_ABA-independent_pathway	Zm00001eb001670;Zm00001eb046540;Zm00001eb112080;Zm00001eb122110;Zm00001eb159890;Zm00001eb271180;Zm00001eb337600;Zm00001eb380460;Zm00001eb403750;Zm00001eb418700
R-ZMA-9928995	Drought_escape_(DE)_via_ABA-dependent_pathway	Zm00001eb014850;Zm00001eb046540;Zm00001eb047750;Zm00001eb084090;Zm00001eb150240;Zm00001eb161440;Zm00001eb184870;Zm00001eb247330;Zm00001eb255970;Zm00001eb271180;Zm00001eb300230;Zm00001eb396030;Zm00001eb418700
